{
  "rm": {
    "fit": "linear",
    "friendly": "# Rooms in House",
    "xlabels": [
      3.5610000000000004,
      4.758117056856189,
      5.971411371237457,
      7.184705685618727,
      8.398
    ],
    "ylabels": [
      -24,
      -20,
      0,
      20,
      29
    ],
    "currentFactorValue": 5.971411371,
    "currentOutcomeValue": 20.50590414,
    "expectedFactorValue": 7.184705686,
    "expectedOutcomeValue": 24.67237256,
    "increaseInOutcome": 4.16646842,
    "slope": 3434.0129763058617
  },
  "lstat": {
    "fit": "linear",
    "friendly": "% Lower Income in Area",
    "xlabels": [
      1.73,
      10.45408026755853,
      19.296053511705686,
      28.138026755852838,
      36.98
    ],
    "ylabels": [
      -24,
      -20,
      0,
      20,
      29
    ],
    "currentFactorValue": 28.13802676,
    "currentOutcomeValue": -17.98314632,
    "expectedFactorValue": 19.29605351,
    "expectedOutcomeValue": -12.332199300000001,
    "increaseInOutcome": 5.650947027000001,
    "slope": -639.1047417875527
  },
  "ptratio": {
    "fit": "linear",
    "friendly": "Student-Teacher Ratio",
    "xlabels": [
      12.6,
      14.728428093645485,
      16.88561872909699,
      19.042809364548496,
      21.2
    ],
    "ylabels": [
      -24,
      -20,
      0,
      20,
      29
    ],
    "currentFactorValue": 19.04280937,
    "currentOutcomeValue": -13.97149496,
    "expectedFactorValue": 16.88561873,
    "expectedOutcomeValue": -12.38878846,
    "increaseInOutcome": 1.582706496,
    "slope": -733.6887477627017
  },
  "indus": {
    "fit": "linear",
    "friendly": "% Business in Area",
    "xlabels": [
      0.74,
      7.4222742474916386,
      14.19484949832776,
      20.96742474916388,
      27.74
    ],
    "ylabels": [
      -24,
      -20,
      0,
      20,
      29
    ],
    "currentFactorValue": 14.1948495,
    "currentOutcomeValue": 0.809076765,
    "expectedFactorValue": 20.96742475,
    "expectedOutcomeValue": 1.195099405,
    "increaseInOutcome": 1,
    "slope": 56.99791078957801
  }
}