{
  "rm": {
    "fit": "linear",
    "friendly": "# Rooms in House",
    "xlabels": [
      3.5610000000000004,
      4.758117056856189,
      5.971411371237457,
      7.184705685618727,
      8.398
    ],
    "ylabels": [
      -26,
      -20,
      0,
      20,
      33
    ],
    "currentFactorValue": 5.971411371,
    "currentOutcomeValue": 22.99858832,
    "expectedFactorValue": 7.184705686,
    "expectedOutcomeValue": 27.67152989,
    "increaseInOutcome": 4.672941573,
    "slope": 3851.4493291854933
  },
  "lstat": {
    "fit": "linear",
    "friendly": "% Lower Income in Area",
    "xlabels": [
      1.73,
      10.45408026755853,
      19.296053511705686,
      28.138026755852838,
      36.98
    ],
    "ylabels": [
      -26,
      -20,
      0,
      20,
      33
    ],
    "currentFactorValue": 28.13802676,
    "currentOutcomeValue": -19.04410733,
    "expectedFactorValue": 19.29605351,
    "expectedOutcomeValue": -13.05976845,
    "increaseInOutcome": 5.984338877999999,
    "slope": -676.8103355096808
  },
  "ptratio": {
    "fit": "linear",
    "friendly": "Student-Teacher Ratio",
    "xlabels": [
      12.6,
      14.728428093645485,
      16.88561872909699,
      19.042809364548496,
      21.2
    ],
    "ylabels": [
      -26,
      -20,
      0,
      20,
      33
    ],
    "currentFactorValue": 19.04280937,
    "currentOutcomeValue": -10.64309536,
    "expectedFactorValue": 16.88561873,
    "expectedOutcomeValue": -9.437433673,
    "increaseInOutcome": 1.205661686,
    "slope": -558.9036341752003
  },
  "indus": {
    "fit": "linear",
    "friendly": "% Business in Area",
    "xlabels": [
      0.74,
      7.4222742474916386,
      14.19484949832776,
      20.96742474916388,
      27.74
    ],
    "ylabels": [],
    "currentFactorValue": 20.96742475,
    "currentOutcomeValue": -0.639376579,
    "expectedFactorValue": 14.1948495,
    "expectedOutcomeValue": -0.432854985,
    "increaseInOutcome": 1,
    "slope": -30.49380584173117
  }
}