{
  "rm": {
    "fit": "linear",
    "friendly": "# Rooms in House",
    "xlabels": [
      3.5610000000000004,
      4.758117056856189,
      5.971411371237457,
      7.184705685618727,
      8.398
    ],
    "ylabels": [],
    "currentFactorValue": 5.971411371,
    "currentOutcomeValue": 23.65857461,
    "expectedFactorValue": 7.184705686,
    "expectedOutcomeValue": 28.46561473,
    "increaseInOutcome": 4.807040123999999,
    "slope": 3961.9736670027455
  },
  "lstat": {
    "fit": "linear",
    "friendly": "% Lower Income in Area",
    "xlabels": [
      1.73,
      10.45408026755853,
      19.296053511705686,
      28.138026755852838,
      36.98
    ],
    "ylabels": [],
    "currentFactorValue": 28.13802676,
    "currentOutcomeValue": -17.46702248,
    "expectedFactorValue": 19.29605351,
    "expectedOutcomeValue": -11.97826001,
    "increaseInOutcome": 5.488762478,
    "slope": -620.7621676760657
  },
  "ptratio": {
    "fit": "linear",
    "friendly": "Student-Teacher Ratio",
    "xlabels": [
      12.6,
      14.728428093645485,
      16.88561872909699,
      19.042809364548496,
      21.2
    ],
    "ylabels": [],
    "currentFactorValue": 19.04280937,
    "currentOutcomeValue": -9.114497046,
    "expectedFactorValue": 16.88561873,
    "expectedOutcomeValue": -8.081996678,
    "increaseInOutcome": 1.032500368,
    "slope": -478.6319534746153
  },
  "indus": {
    "fit": "linear",
    "friendly": "% Business in Area",
    "xlabels": [
      0.74,
      7.4222742474916386,
      14.19484949832776,
      20.96742474916388,
      27.74
    ],
    "ylabels": [],
    "currentFactorValue": 20.96742475,
    "currentOutcomeValue": -1.322682967,
    "expectedFactorValue": 14.1948495,
    "expectedOutcomeValue": -0.8954502459999999,
    "increaseInOutcome": 1,
    "slope": -63.082757299447785
  }
}