{
  "rm": {
    "fit": "linear",
    "friendly": "# Rooms in House",
    "xlabels": [
      3.5610000000000004,
      4.758117056856189,
      5.971411371237457,
      7.184705685618727,
      8.398
    ],
    "ylabels": [],
    "currentFactorValue": 5.971411371,
    "currentOutcomeValue": 18.03161548,
    "expectedFactorValue": 7.184705686,
    "expectedOutcomeValue": 21.69534842,
    "increaseInOutcome": 3.66373294,
    "slope": 3019.657222709285
  },
  "lstat": {
    "fit": "linear",
    "friendly": "% Lower Income in Area",
    "xlabels": [
      1.73,
      10.45408026755853,
      19.296053511705686,
      28.138026755852838,
      36.98
    ],
    "ylabels": [],
    "currentFactorValue": 28.13802676,
    "currentOutcomeValue": -20.20869987,
    "expectedFactorValue": 19.29605351,
    "expectedOutcomeValue": -13.85840441,
    "increaseInOutcome": 6.35029546,
    "slope": -718.1989002525482
  },
  "ptratio": {
    "fit": "linear",
    "friendly": "Student-Teacher Ratio",
    "xlabels": [
      12.6,
      14.728428093645485,
      16.88561872909699,
      19.042809364548496,
      21.2
    ],
    "ylabels": [],
    "currentFactorValue": 19.04280937,
    "currentOutcomeValue": -17.86163706,
    "expectedFactorValue": 16.88561873,
    "expectedOutcomeValue": -15.83825094,
    "increaseInOutcome": 2.0233861230000003,
    "slope": -937.9727918236142
  },
  "indus": {
    "fit": "linear",
    "friendly": "% Business in Area",
    "xlabels": [
      0.74,
      7.4222742474916386,
      14.19484949832776,
      20.96742474916388,
      27.74
    ],
    "ylabels": [],
    "currentFactorValue": 20.96742475,
    "currentOutcomeValue": -1.8078629519999998,
    "expectedFactorValue": 14.1948495,
    "expectedOutcomeValue": -1.22391485,
    "increaseInOutcome": 0.583948102,
    "slope": -86.22246046650997
  }
}