{
  "rm": {
    "fit": "non_linear",
    "friendly": "# Rooms in House",
    "xlabels": [
      3.5610000000000004,
      4.758117056856189,
      5.971411371237457,
      7.184705685618727,
      8.398
    ],
    "ylabels": [],
    "currentFactorValue": 4.337508361,
    "currentOutcomeValue": -3.39190778,
    "expectedFactorValue": 8.398,
    "expectedOutcomeValue": 12.35398801,
    "increaseInOutcome": 15.74589579,
    "slope": NaN
  },
  "lstat": {
    "fit": "non_linear",
    "friendly": "% Lower Income in Area",
    "xlabels": [
      1.73,
      10.45408026755853,
      19.296053511705686,
      28.138026755852838,
      36.98
    ],
    "ylabels": [],
    "currentFactorValue": 36.98,
    "currentOutcomeValue": -8.186490628,
    "expectedFactorValue": 1.73,
    "expectedOutcomeValue": 17.58293435,
    "increaseInOutcome": 25.76942497,
    "slope": NaN
  },
  "ptratio": {
    "fit": "non_linear",
    "friendly": "Student-Teacher Ratio",
    "xlabels": [
      12.6,
      14.728428093645485,
      16.88561872909699,
      19.042809364548496,
      21.2
    ],
    "ylabels": [],
    "currentFactorValue": 20.13578595,
    "currentOutcomeValue": -2.548470199,
    "expectedFactorValue": 12.6,
    "expectedOutcomeValue": 5.268416069,
    "increaseInOutcome": 7.816886267999999,
    "slope": NaN
  },
  "indus": {
    "fit": "non_linear",
    "friendly": "% Business in Area",
    "xlabels": [
      0.74,
      7.4222742474916386,
      14.19484949832776,
      20.96742474916388,
      27.74
    ],
    "ylabels": [],
    "currentFactorValue": 27.74,
    "currentOutcomeValue": -1.723757176,
    "expectedFactorValue": 10.13130435,
    "expectedOutcomeValue": 1.936323665,
    "increaseInOutcome": 3.66008084,
    "slope": NaN
  }
}