{
  "rm": {
    "fit": "linear",
    "friendly": "# Rooms in House",
    "xlabels": [
      3.5610000000000004,
      4.758117056856189,
      5.971411371237457,
      7.184705685618727,
      8.398
    ],
    "ylabels": [],
    "currentFactorValue": 5.971411371,
    "currentOutcomeValue": 19.160011800000003,
    "expectedFactorValue": 7.184705686,
    "expectedOutcomeValue": 23.05301664,
    "increaseInOutcome": 3.893004841,
    "slope": 3208.623658067457
  },
  "lstat": {
    "fit": "linear",
    "friendly": "% Lower Income in Area",
    "xlabels": [
      1.73,
      10.45408026755853,
      19.296053511705686,
      28.138026755852838,
      36.98
    ],
    "ylabels": [],
    "currentFactorValue": 28.13802676,
    "currentOutcomeValue": -19.61099412,
    "expectedFactorValue": 19.29605351,
    "expectedOutcomeValue": -13.44851916,
    "increaseInOutcome": 6.162474961,
    "slope": -696.9569789920323
  },
  "ptratio": {
    "fit": "linear",
    "friendly": "Student-Teacher Ratio",
    "xlabels": [
      12.6,
      14.728428093645485,
      16.88561872909699,
      19.042809364548496,
      21.2
    ],
    "ylabels": [],
    "currentFactorValue": 19.04280937,
    "currentOutcomeValue": -13.12178121,
    "expectedFactorValue": 16.88561873,
    "expectedOutcomeValue": -11.63533123,
    "increaseInOutcome": 1.486449977,
    "slope": -689.0675087762138
  },
  "indus": {
    "fit": "linear",
    "friendly": "% Business in Area",
    "xlabels": [
      0.74,
      7.4222742474916386,
      14.19484949832776,
      20.96742474916388,
      27.74
    ],
    "ylabels": [],
    "currentFactorValue": 20.96742475,
    "currentOutcomeValue": -0.847605113,
    "expectedFactorValue": 14.1948495,
    "expectedOutcomeValue": -0.573824738,
    "increaseInOutcome": 1,
    "slope": -40.42485536755354
  }
}