{
  "rm": {
    "fit": "linear",
    "friendly": "# Rooms in House",
    "xlabels": [
      3.5610000000000004,
      4.758117056856189,
      5.971411371237457,
      7.184705685618727,
      8.398
    ],
    "ylabels": [],
    "currentFactorValue": 5.971411371,
    "currentOutcomeValue": 20.53104099,
    "expectedFactorValue": 7.184705686,
    "expectedOutcomeValue": 24.70261682,
    "increaseInOutcome": 4.171575823,
    "slope": 3438.2225098782123
  },
  "lstat": {
    "fit": "linear",
    "friendly": "% Lower Income in Area",
    "xlabels": [
      1.73,
      10.45408026755853,
      19.296053511705686,
      28.138026755852838,
      36.98
    ],
    "ylabels": [],
    "currentFactorValue": 28.13802676,
    "currentOutcomeValue": -21.11139126,
    "expectedFactorValue": 19.29605351,
    "expectedOutcomeValue": -14.47743792,
    "increaseInOutcome": 6.633953344,
    "slope": -750.2797351915963
  },
  "ptratio": {
    "fit": "linear",
    "friendly": "Student-Teacher Ratio",
    "xlabels": [
      12.6,
      14.728428093645485,
      16.88561872909699,
      19.042809364548496,
      21.2
    ],
    "ylabels": [],
    "currentFactorValue": 19.04280937,
    "currentOutcomeValue": -10.99500059,
    "expectedFactorValue": 16.88561873,
    "expectedOutcomeValue": -9.749474691,
    "increaseInOutcome": 1.245525902,
    "slope": -577.3833252681219
  },
  "indus": {
    "fit": "linear",
    "friendly": "% Business in Area",
    "xlabels": [
      0.74,
      7.4222742474916386,
      14.19484949832776,
      20.96742474916388,
      27.74
    ],
    "ylabels": [],
    "currentFactorValue": 20.96742475,
    "currentOutcomeValue": -1.142284041,
    "expectedFactorValue": 14.1948495,
    "expectedOutcomeValue": -0.7733210079999999,
    "increaseInOutcome": 1,
    "slope": -54.47898607287062
  }
}