{
  "rm": {
    "fit": "linear",
    "friendly": "# Rooms in House",
    "xlabels": [
      3.5610000000000004,
      4.758117056856189,
      5.971411371237457,
      7.184705685618727,
      8.398
    ],
    "ylabels": [],
    "currentFactorValue": 5.971411371,
    "currentOutcomeValue": 16.6884406,
    "expectedFactorValue": 7.184705686,
    "expectedOutcomeValue": 20.07926211,
    "increaseInOutcome": 3.3908215060000004,
    "slope": 2794.722982934152
  },
  "lstat": {
    "fit": "linear",
    "friendly": "% Lower Income in Area",
    "xlabels": [
      1.73,
      10.45408026755853,
      19.296053511705686,
      28.138026755852838,
      36.98
    ],
    "ylabels": [],
    "currentFactorValue": 28.13802676,
    "currentOutcomeValue": -20.25518485,
    "expectedFactorValue": 19.29605351,
    "expectedOutcomeValue": -13.89028215,
    "increaseInOutcome": 6.364902702,
    "slope": -719.8509344584877
  },
  "ptratio": {
    "fit": "non_linear",
    "friendly": "Student-Teacher Ratio",
    "xlabels": [
      12.6,
      14.728428093645485,
      16.88561872909699,
      19.042809364548496,
      21.2
    ],
    "ylabels": [],
    "currentFactorValue": 20.19331104,
    "currentOutcomeValue": -4.204219588,
    "expectedFactorValue": 13.23277592,
    "expectedOutcomeValue": 6.71225766,
    "increaseInOutcome": 10.91647725,
    "slope": NaN
  },
  "indus": {
    "fit": "non_linear",
    "friendly": "% Business in Area",
    "xlabels": [
      0.74,
      7.4222742474916386,
      14.19484949832776,
      20.96742474916388,
      27.74
    ],
    "ylabels": [],
    "currentFactorValue": 27.74,
    "currentOutcomeValue": -2.62793768,
    "expectedFactorValue": 7.241672241,
    "expectedOutcomeValue": 1.8796217769999999,
    "increaseInOutcome": 4.507559457,
    "slope": NaN
  }
}