{
  "rm": {
    "fit": "non_linear",
    "friendly": "# Rooms in House",
    "xlabels": [
      3.5610000000000004,
      4.758117056856189,
      5.971411371237457,
      7.184705685618727,
      8.398
    ],
    "ylabels": [],
    "currentFactorValue": 6.214070233999999,
    "currentOutcomeValue": -4.16197535,
    "expectedFactorValue": 8.398,
    "expectedOutcomeValue": 13.37895419,
    "increaseInOutcome": 17.54092954,
    "slope": NaN
  },
  "lstat": {
    "fit": "non_linear",
    "friendly": "% Lower Income in Area",
    "xlabels": [
      1.73,
      10.45408026755853,
      19.296053511705686,
      28.138026755852838,
      36.98
    ],
    "ylabels": [],
    "currentFactorValue": 36.98,
    "currentOutcomeValue": -7.941191598,
    "expectedFactorValue": 1.73,
    "expectedOutcomeValue": 16.72020763,
    "increaseInOutcome": 24.66139923,
    "slope": NaN
  },
  "ptratio": {
    "fit": "non_linear",
    "friendly": "Student-Teacher Ratio",
    "xlabels": [
      12.6,
      14.728428093645485,
      16.88561872909699,
      19.042809364548496,
      21.2
    ],
    "ylabels": [],
    "currentFactorValue": 21.2,
    "currentOutcomeValue": -1.764071334,
    "expectedFactorValue": 12.6,
    "expectedOutcomeValue": 4.709171292,
    "increaseInOutcome": 6.473242626,
    "slope": NaN
  },
  "indus": {
    "fit": "non_linear",
    "friendly": "% Business in Area",
    "xlabels": [
      0.74,
      7.4222742474916386,
      14.19484949832776,
      20.96742474916388,
      27.74
    ],
    "ylabels": [],
    "currentFactorValue": 9.318595318,
    "currentOutcomeValue": -0.111648787,
    "expectedFactorValue": 0.74,
    "expectedOutcomeValue": 1.430353859,
    "increaseInOutcome": 1.542002646,
    "slope": NaN
  }
}