{
  "rm": {
    "fit": "linear",
    "friendly": "# Rooms in House",
    "xlabels": [
      3.5610000000000004,
      4.758117056856189,
      5.971411371237457,
      7.184705685618727,
      8.398
    ],
    "ylabels": [],
    "currentFactorValue": 5.971411371,
    "currentOutcomeValue": 8.935264246000001,
    "expectedFactorValue": 7.184705686,
    "expectedOutcomeValue": 10.75076558,
    "increaseInOutcome": 1.8155013340000001,
    "slope": 1496.3404278564428
  },
  "lstat": {
    "fit": "linear",
    "friendly": "% Lower Income in Area",
    "xlabels": [
      1.73,
      10.45408026755853,
      19.296053511705686,
      28.138026755852838,
      36.98
    ],
    "ylabels": [],
    "currentFactorValue": 28.13802676,
    "currentOutcomeValue": -23.23935626,
    "expectedFactorValue": 19.29605351,
    "expectedOutcomeValue": -15.93672029,
    "increaseInOutcome": 7.3026359670000005,
    "slope": -825.9056847788112
  },
  "ptratio": {
    "fit": "linear",
    "friendly": "Student-Teacher Ratio",
    "xlabels": [
      12.6,
      14.728428093645485,
      16.88561872909699,
      19.042809364548496,
      21.2
    ],
    "ylabels": [],
    "currentFactorValue": 19.04280937,
    "currentOutcomeValue": -14.81163476,
    "expectedFactorValue": 16.88561873,
    "expectedOutcomeValue": -13.13375629,
    "increaseInOutcome": 1.677878468,
    "slope": -777.8072277134472
  },
  "indus": {
    "fit": "linear",
    "friendly": "% Business in Area",
    "xlabels": [
      0.74,
      7.4222742474916386,
      14.19484949832776,
      20.96742474916388,
      27.74
    ],
    "ylabels": [],
    "currentFactorValue": 20.96742475,
    "currentOutcomeValue": -0.8600878940000001,
    "expectedFactorValue": 14.1948495,
    "expectedOutcomeValue": -0.582275523,
    "increaseInOutcome": 1,
    "slope": -41.020197013579605
  }
}