{
  "rm": {
    "fit": "linear",
    "friendly": "# Rooms in House",
    "xlabels": [
      3.5610000000000004,
      4.758117056856189,
      5.971411371237457,
      7.184705685618727,
      8.398
    ],
    "ylabels": [],
    "currentFactorValue": 5.971411371,
    "currentOutcomeValue": 8.559660973,
    "expectedFactorValue": 7.184705686,
    "expectedOutcomeValue": 10.29884579,
    "increaseInOutcome": 1.739184817,
    "slope": 1433.4401769962265
  },
  "lstat": {
    "fit": "linear",
    "friendly": "% Lower Income in Area",
    "xlabels": [
      1.73,
      10.45408026755853,
      19.296053511705686,
      28.138026755852838,
      36.98
    ],
    "ylabels": [],
    "currentFactorValue": 28.13802676,
    "currentOutcomeValue": -23.56274636,
    "expectedFactorValue": 19.29605351,
    "expectedOutcomeValue": -16.15848967,
    "increaseInOutcome": 7.4042566910000005,
    "slope": -837.3986764035737
  },
  "ptratio": {
    "fit": "non_linear",
    "friendly": "Student-Teacher Ratio",
    "xlabels": [
      12.6,
      14.728428093645485,
      16.88561872909699,
      19.042809364548496,
      21.2
    ],
    "ylabels": [],
    "currentFactorValue": 21.2,
    "currentOutcomeValue": -3.561820237,
    "expectedFactorValue": 12.6,
    "expectedOutcomeValue": 7.165727987,
    "increaseInOutcome": 10.72754823,
    "slope": NaN
  },
  "indus": {
    "fit": "linear",
    "friendly": "% Business in Area",
    "xlabels": [
      0.74,
      7.4222742474916386,
      14.19484949832776,
      20.96742474916388,
      27.74
    ],
    "ylabels": [],
    "currentFactorValue": 20.96742475,
    "currentOutcomeValue": -3.267488802,
    "expectedFactorValue": 14.1948495,
    "expectedOutcomeValue": -2.212074794,
    "increaseInOutcome": 1.055414008,
    "slope": -155.83643873695522
  }
}