{
  "rm": {
    "fit": "non_linear",
    "friendly": "# Rooms in House",
    "xlabels": [
      3.5610000000000004,
      4.758117056856189,
      5.971411371237457,
      7.184705685618727,
      8.398
    ],
    "ylabels": [],
    "currentFactorValue": 6.133183947000001,
    "currentOutcomeValue": -5.775896947000001,
    "expectedFactorValue": 8.398,
    "expectedOutcomeValue": 15.12909198,
    "increaseInOutcome": 20.90498893,
    "slope": NaN
  },
  "lstat": {
    "fit": "linear",
    "friendly": "% Lower Income in Area",
    "xlabels": [
      1.73,
      10.45408026755853,
      19.296053511705686,
      28.138026755852838,
      36.98
    ],
    "ylabels": [],
    "currentFactorValue": 28.13802676,
    "currentOutcomeValue": -20.44355003,
    "expectedFactorValue": 19.29605351,
    "expectedOutcomeValue": -14.01945626,
    "increaseInOutcome": 6.424093769,
    "slope": -726.5452622390168
  },
  "ptratio": {
    "fit": "non_linear",
    "friendly": "Student-Teacher Ratio",
    "xlabels": [
      12.6,
      14.728428093645485,
      16.88561872909699,
      19.042809364548496,
      21.2
    ],
    "ylabels": [],
    "currentFactorValue": 21.2,
    "currentOutcomeValue": -1.463533358,
    "expectedFactorValue": 12.6,
    "expectedOutcomeValue": 4.09498513,
    "increaseInOutcome": 5.558518489,
    "slope": NaN
  },
  "indus": {
    "fit": "non_linear",
    "friendly": "% Business in Area",
    "xlabels": [
      0.74,
      7.4222742474916386,
      14.19484949832776,
      20.96742474916388,
      27.74
    ],
    "ylabels": [],
    "currentFactorValue": 9.228294314,
    "currentOutcomeValue": 0.11772444300000001,
    "expectedFactorValue": 0.74,
    "expectedOutcomeValue": 1.951555055,
    "increaseInOutcome": 1.8338306119999999,
    "slope": NaN
  }
}